label,stage,variant,H,W,K,seed,rep,exit_status,min_pct_enabled,L1-dcache-loads,L1-dcache-load-misses,branch-instructions,branch-misses,instructions,cpu-cycles,context-switches,page-faults
optimized,optimized,default,64,64,3,1234,1,0,55,632272,24522,496877,19504,2855457,3485750,1,143
optimized,optimized,default,64,64,3,1234,2,0,53,645604,22971,507973,18747,2921487,3363887,1,143
optimized,optimized,default,64,64,3,1234,3,0,54,639570,23792,503259,17364,2889210,3325671,1,144
optimized,optimized,default,64,64,3,1234,4,0,55,624906,24056,491171,18006,2823337,3654757,1,143
optimized,optimized,default,64,64,3,1234,5,0,54,633456,23060,498639,16893,2860563,3467455,1,142
optimized,optimized,default,64,64,3,1234,6,0,100,581621,20224,442334,15012,2527465,2702743,1,140
optimized,optimized,default,64,64,3,1234,7,0,69,629963,23762,489382,15749,2793684,3389212,2,143
optimized,optimized,default,64,64,3,1234,8,0,54,640547,26216,505138,14031,2896180,3568277,1,145
optimized,optimized,default,64,64,3,1234,9,0,52,654708,23654,515993,14303,2964694,3317296,1,140
optimized,optimized,default,64,64,3,1234,10,0,54,640599,25678,504991,14783,2895423,3343048,1,144
optimized,optimized,default,64,64,3,1234,11,0,56,615109,22535,484136,13895,2782819,3628640,1,141
optimized,optimized,default,64,64,3,1234,12,0,59,639054,24307,502981,15287,2869613,3328578,2,143
optimized,optimized,default,64,64,3,1234,13,0,51,671825,24840,529421,15500,3037153,3338477,1,141
optimized,optimized,default,64,64,3,1234,14,0,51,663858,24413,522821,14562,3005112,3337310,1,141
optimized,optimized,default,64,64,3,1234,15,0,100,580365,19720,441487,16116,2519722,2564696,1,140
optimized,optimized,default,64,64,3,1234,16,0,53,655795,27459,515390,19357,2962025,3498932,1,145
optimized,optimized,default,64,64,3,1234,17,0,100,580247,18869,441231,15838,2520839,2578698,1,140
optimized,optimized,default,64,64,3,1234,18,0,50,688258,26621,540989,18535,3110018,3569003,1,143
optimized,optimized,default,64,64,3,1234,19,0,100,601115,20089,454902,16258,2605200,2872378,2,140
optimized,optimized,default,64,64,3,1234,20,0,51,682795,25114,537521,19901,3082912,3498630,2,142
optimized,optimized,default,128,128,3,1234,1,0,60,769336,24496,660480,29124,4049292,4197846,1,180
optimized,optimized,default,128,128,3,1234,2,0,58,787206,24756,677640,29715,4143928,4228933,1,179
optimized,optimized,default,128,128,3,1234,3,0,59,776640,26920,666099,27645,4085016,4088878,1,180
optimized,optimized,default,128,128,3,1234,4,0,62,735508,23370,632634,26839,3875503,3895707,1,177
optimized,optimized,default,128,128,3,1234,5,0,60,757989,25871,653109,27967,3996197,4314581,1,177
optimized,optimized,default,128,128,3,1234,6,0,59,777791,25216,668722,28757,4093748,4208297,1,181
optimized,optimized,default,128,128,3,1234,7,0,60,762979,26696,657069,28255,4021535,4054107,1,176
optimized,optimized,default,128,128,3,1234,8,0,61,753121,25319,647463,27684,3965613,4087110,1,177
optimized,optimized,default,128,128,3,1234,9,0,64,717662,25321,617377,26327,3775159,4013895,1,178
optimized,optimized,default,128,128,3,1234,10,0,60,756546,25543,650796,27734,3984874,4046573,1,176
optimized,optimized,default,128,128,3,1234,11,0,93,717104,22849,588010,24462,3514561,3609254,2,177
optimized,optimized,default,128,128,3,1234,12,0,61,757579,26472,651768,28557,3985419,4138841,1,179
optimized,optimized,default,128,128,3,1234,13,0,62,738512,23199,635515,28120,3889327,3953309,1,180
optimized,optimized,default,128,128,3,1234,14,0,61,755265,25743,649763,28957,3975211,4107036,2,180
optimized,optimized,default,128,128,3,1234,15,0,61,759762,26608,651256,28032,3993594,4041029,1,179
optimized,optimized,default,128,128,3,1234,16,0,60,759387,24919,653506,27704,3995415,4048025,1,181
optimized,optimized,default,128,128,3,1234,17,0,57,802855,24571,690967,28885,4225945,4205241,2,181
optimized,optimized,default,128,128,3,1234,18,0,62,742273,25301,638457,27029,3909336,3966838,1,179
optimized,optimized,default,128,128,3,1234,19,0,60,763950,23328,657159,28430,4021730,4009337,1,178
optimized,optimized,default,128,128,3,1234,20,0,100,698302,20493,568334,23230,3395595,3617421,1,178
optimized,optimized,default,256,256,3,1234,1,0,74,1240354,31071,1201868,57439,7900768,6770546,1,328
optimized,optimized,default,256,256,3,1234,2,0,75,1237075,31446,1197817,56110,7876173,6756995,1,327
optimized,optimized,default,256,256,3,1234,3,0,75,1227613,29195,1191163,54607,7827652,7033830,1,325
optimized,optimized,default,256,256,3,1234,4,0,72,1275187,30974,1238019,57037,8138202,7454942,2,323
optimized,optimized,default,256,256,3,1234,5,0,74,1237785,29746,1200443,56098,7895060,6731437,1,326
optimized,optimized,default,256,256,3,1234,6,0,100,1163705,28385,1069954,48281,6871862,6055561,1,327
optimized,optimized,default,256,256,3,1234,7,0,77,1205122,28805,1168308,53401,7683074,6514305,1,327
optimized,optimized,default,256,256,3,1234,8,0,92,1197206,29023,1110954,50193,7177050,6355792,2,325
optimized,optimized,default,256,256,3,1234,9,0,75,1223034,30831,1186196,55102,7793077,6612251,1,327
optimized,optimized,default,256,256,3,1234,10,0,77,1204036,29124,1166593,53701,7672055,6780799,1,325
optimized,optimized,default,256,256,3,1234,11,0,75,1227395,31472,1191377,54199,7830349,6568199,1,326
optimized,optimized,default,256,256,3,1234,12,0,76,1217775,31290,1179728,54405,7751225,6751985,1,329
optimized,optimized,default,256,256,3,1234,13,0,76,1214890,29721,1179207,55175,7751644,6545107,1,326
optimized,optimized,default,256,256,3,1234,14,0,75,1239014,31652,1198066,55271,7872212,6913004,2,326
optimized,optimized,default,256,256,3,1234,15,0,74,1234812,28120,1198905,54252,7881609,6791641,1,326
optimized,optimized,default,256,256,3,1234,16,0,76,1211167,27636,1175536,53810,7727806,6460278,2,325
optimized,optimized,default,256,256,3,1234,17,0,75,1235249,30263,1196854,54935,7869492,6708736,1,328
optimized,optimized,default,256,256,3,1234,18,0,76,1220381,28303,1183488,54694,7775141,7079309,1,328
optimized,optimized,default,256,256,3,1234,19,0,73,1255384,29995,1217052,56493,8001384,6858578,1,325
optimized,optimized,default,256,256,3,1234,20,0,80,1243002,27722,1184792,53798,7713404,6733440,2,327
optimized,optimized,default,512,512,3,1234,1,0,90,3050657,53873,3191405,157183,21773352,17356862,2,904
optimized,optimized,default,512,512,3,1234,2,0,90,3031447,57071,3174901,155111,21670933,16539692,1,903
optimized,optimized,default,512,512,3,1234,3,0,91,3015481,53627,3157749,154457,21556653,16713507,1,903
optimized,optimized,default,512,512,3,1234,4,0,90,3037424,59906,3178900,155512,21696617,16570373,1,904
optimized,optimized,default,512,512,3,1234,5,0,90,3046376,57071,3190035,157221,21769849,16594121,1,905
optimized,optimized,default,512,512,3,1234,6,0,91,3043293,55043,3183243,154285,21723480,17048868,1,902
optimized,optimized,default,512,512,3,1234,7,0,90,3029044,58764,3172441,155379,21653129,16533359,1,903
optimized,optimized,default,512,512,3,1234,8,0,98,3015925,57762,3088033,149317,20883227,16267010,3,904
optimized,optimized,default,512,512,3,1234,9,0,100,2995780,54392,3059879,147949,20682239,15938547,2,903
optimized,optimized,default,512,512,3,1234,10,0,91,3009580,59568,3151641,153766,21507713,16578025,1,904
optimized,optimized,default,512,512,3,1234,11,0,90,3062583,53058,3206556,156341,21884407,16644365,2,904
optimized,optimized,default,512,512,3,1234,12,0,90,3040111,54950,3183130,155348,21727321,16530170,1,904
optimized,optimized,default,512,512,3,1234,13,0,90,3037505,61754,3181527,156767,21713261,17181289,1,904
optimized,optimized,default,512,512,3,1234,14,0,90,3041794,56167,3183870,155052,21730313,16974340,1,904
optimized,optimized,default,512,512,3,1234,15,0,90,3058209,51916,3203042,156546,21860835,17076102,1,902
optimized,optimized,default,512,512,3,1234,16,0,91,3031040,58619,3172207,156291,21648438,16935992,1,903
optimized,optimized,default,512,512,3,1234,17,0,91,3026958,59413,3169664,154812,21628850,16902300,1,904
optimized,optimized,default,512,512,3,1234,18,0,100,2997872,56720,3061441,147550,20691336,16576963,1,905
optimized,optimized,default,512,512,3,1234,19,0,90,3042798,57738,3185451,155077,21740571,16546864,1,904
optimized,optimized,default,512,512,3,1234,20,0,90,3067855,54928,3210558,156080,21909384,16721039,1,904
optimized,optimized,default,1024,1024,3,1234,1,0,97,10356828,181936,11138857,555921,76954298,57194758,1,3211
optimized,optimized,default,1024,1024,3,1234,2,0,96,10399183,187683,11189626,558159,77303411,59429472,2,3208
optimized,optimized,default,1024,1024,3,1234,3,0,97,10357516,188175,11145482,555716,77004294,57007473,1,3211
optimized,optimized,default,1024,1024,3,1234,4,0,97,10338882,176104,11126300,554352,76869062,56925468,2,3208
optimized,optimized,default,1024,1024,3,1234,5,0,97,10351701,180861,11139538,555358,76961435,58921567,1,3210
optimized,optimized,default,1024,1024,3,1234,6,0,97,10355927,183516,11145400,555523,77010594,57939848,1,3207
optimized,optimized,default,1024,1024,3,1234,7,0,97,10342344,187770,11128817,556706,76882651,58713889,2,3210
optimized,optimized,default,1024,1024,3,1234,8,0,100,10303450,186101,11006283,546923,75826122,56681565,1,3210
optimized,optimized,default,1024,1024,3,1234,9,0,97,10380849,173814,11171530,558669,77184398,57819866,2,3210
optimized,optimized,default,1024,1024,3,1234,10,0,97,10323810,177710,11108415,553215,76747204,56817601,1,3208
optimized,optimized,default,1024,1024,3,1234,11,0,98,10358452,175878,11104429,553041,76621863,57226527,2,3207
optimized,optimized,default,1024,1024,3,1234,12,0,97,10363671,184058,11150218,556091,77036283,58221485,2,3207
optimized,optimized,default,1024,1024,3,1234,13,0,97,10355350,182168,11142591,557344,76982896,56600581,1,3210
optimized,optimized,default,1024,1024,3,1234,14,0,97,10375726,183875,11163798,557505,77131914,58631819,2,3210
optimized,optimized,default,1024,1024,3,1234,15,0,97,10342647,182009,11127950,556214,76883556,57400452,1,3208
optimized,optimized,default,1024,1024,3,1234,16,0,97,10345374,174723,11134319,556856,76937029,57682085,1,3209
optimized,optimized,default,1024,1024,3,1234,17,0,97,10336664,173270,11123640,555604,76849827,56862427,2,3208
optimized,optimized,default,1024,1024,3,1234,18,0,97,10383172,179048,11169981,556326,77173358,57811919,2,3209
optimized,optimized,default,1024,1024,3,1234,19,0,97,10346869,185105,11123417,554828,76806303,57673732,2,3210
optimized,optimized,default,1024,1024,3,1234,20,0,97,10378562,189361,11166605,556543,77148283,57847176,1,3210
optimized,optimized,default,2048,2048,3,1234,1,0,99,39716020,723498,43061509,2154783,298436649,222637574,4,12431
optimized,optimized,default,2048,2048,3,1234,2,0,99,39579911,689698,42936965,2152725,297631253,222705310,3,12428
optimized,optimized,default,2048,2048,3,1234,3,0,100,39520188,672792,42788409,2145346,296378781,223860176,3,12426
optimized,optimized,default,2048,2048,3,1234,4,0,99,39539442,687688,42894053,2152167,297330161,219944867,2,12432
optimized,optimized,default,2048,2048,3,1234,5,0,99,39558269,680489,42913769,2152922,297473837,218482785,1,12428
optimized,optimized,default,2048,2048,3,1234,6,0,99,39545335,661228,42901134,2151838,297383635,218857710,2,12428
optimized,optimized,default,2048,2048,3,1234,7,0,99,39544540,677167,42899783,2149953,297373212,218359579,4,12426
optimized,optimized,default,2048,2048,3,1234,8,0,99,39626170,686318,42982439,2153974,297934393,217428412,3,12431
optimized,optimized,default,2048,2048,3,1234,9,0,99,39557634,683515,42909091,2151537,297428383,218133810,4,12429
optimized,optimized,default,2048,2048,3,1234,10,0,99,39579133,681790,42934922,2154875,297619841,218697303,2,12431
optimized,optimized,default,2048,2048,3,1234,11,0,99,39534332,680521,42889739,2149805,297302007,217097946,3,12430
optimized,optimized,default,2048,2048,3,1234,12,0,99,39546137,673604,42902683,2150731,297396218,217187789,2,12427
optimized,optimized,default,2048,2048,3,1234,13,0,99,39550221,681260,42905114,2151271,297406119,222834754,2,12428
optimized,optimized,default,2048,2048,3,1234,14,0,99,39540278,713908,42896270,2152363,297350548,218106688,1,12428
optimized,optimized,default,2048,2048,3,1234,15,0,99,39564619,705847,42918266,2150993,297493746,218927272,3,12431
optimized,optimized,default,2048,2048,3,1234,16,0,99,39538605,695206,42891441,2150049,297305515,218677479,4,12430
optimized,optimized,default,2048,2048,3,1234,17,0,99,39573996,694073,42928714,2152882,297566885,218936917,4,12431
optimized,optimized,default,2048,2048,3,1234,18,0,99,39553859,680693,42909550,2152333,297434411,219008071,4,12430
optimized,optimized,default,2048,2048,3,1234,19,0,99,39557405,689397,42910378,2152770,297447959,217382202,3,12430
optimized,optimized,default,2048,2048,3,1234,20,0,99,39568803,683593,42925073,2152978,297552662,217276098,2,12430
optimized,optimized,default,4096,4096,3,1234,1,0,99,156875172,2693817,170523930,8534854,1182774586,862776491,8,49302
optimized,optimized,default,4096,4096,3,1234,2,0,99,156747327,2673975,170402996,8541399,1182013684,877152755,8,49299
optimized,optimized,default,4096,4096,3,1234,3,0,99,156698427,2674730,170349190,8532776,1181649916,880797765,10,49302
optimized,optimized,default,4096,4096,3,1234,4,0,99,156705590,2668686,170364937,8535504,1181772526,863510455,5,49302
optimized,optimized,default,4096,4096,3,1234,5,0,99,156749018,2643864,170406937,8537935,1182042655,867606338,9,49300
optimized,optimized,default,4096,4096,3,1234,6,0,99,156702699,2813330,170355953,8537100,1181692905,863288453,10,49299
optimized,optimized,default,4096,4096,3,1234,7,0,99,156695815,2587995,170353157,8528527,1181688225,865232324,6,49301
optimized,optimized,default,4096,4096,3,1234,8,0,99,156720432,2653603,170371075,8538366,1181798805,868052064,10,49301
optimized,optimized,default,4096,4096,3,1234,9,0,99,156707914,2699526,170360097,8534707,1181740108,865265707,10,49300
optimized,optimized,default,4096,4096,3,1234,10,0,99,156708669,2680823,170368997,8537129,1181821011,866385825,5,49298
optimized,optimized,default,4096,4096,3,1234,11,0,99,156732951,2642773,170382194,8530124,1181884343,866600645,9,49301
optimized,optimized,default,4096,4096,3,1234,12,0,99,156736173,2736925,170386423,8535816,1181900285,867625987,7,49302
optimized,optimized,default,4096,4096,3,1234,13,0,99,156737776,2688839,170388454,8536371,1181921905,867310459,7,49301
optimized,optimized,default,4096,4096,3,1234,14,0,99,156711460,2691991,170361444,8531735,1181745657,866090347,8,49302
optimized,optimized,default,4096,4096,3,1234,15,0,99,156760834,2701037,170412371,8537338,1182086506,867046235,8,49302
optimized,optimized,default,4096,4096,3,1234,16,0,99,156727852,2678228,170377666,8534631,1181862185,870272635,10,49302
optimized,optimized,default,4096,4096,3,1234,17,0,99,156748523,2813148,170400376,8539122,1181999065,866084725,9,49301
optimized,optimized,default,4096,4096,3,1234,18,0,99,156750145,2651473,170401458,8536642,1182014574,867719881,10,49298
optimized,optimized,default,4096,4096,3,1234,19,0,99,156743245,2663142,170385348,8538670,1181893964,881595707,10,49302
optimized,optimized,default,4096,4096,3,1234,20,0,99,156718757,2734846,170366022,8533671,1181774863,878125074,8,49302
optimized,optimized,default,8192,8192,3,1234,1,0,99,625966636,10958258,680928526,34066167,4723805190,3489117493,26,196773
optimized,optimized,default,8192,8192,3,1234,2,0,99,625966233,10883161,680901560,34068923,4723622470,3472304807,31,196774
optimized,optimized,default,8192,8192,3,1234,3,0,99,625969102,10852925,680921579,34078064,4723779473,3461545702,34,196773
optimized,optimized,default,8192,8192,3,1234,4,0,99,626021391,10940675,680978766,34067967,4724220597,3456879677,29,196774
optimized,optimized,default,8192,8192,3,1234,5,0,99,625963348,10516762,680904264,34055948,4723663607,3453906389,34,196771
optimized,optimized,default,8192,8192,3,1234,6,0,99,625919865,10808769,680871270,34067607,4723467422,3458087127,26,196771
optimized,optimized,default,8192,8192,3,1234,7,0,99,625940967,10690932,680886652,34060938,4723531304,3459428057,27,196771
optimized,optimized,default,8192,8192,3,1234,8,0,99,625964194,10492572,680902992,34068470,4723653741,3457229881,38,196775
optimized,optimized,default,8192,8192,3,1234,9,0,99,625908544,10901604,680860505,34065611,4723426601,3460890598,32,196775
optimized,optimized,default,8192,8192,3,1234,10,0,99,625934037,10703997,680879660,34068069,4723522837,3460868963,27,196773
optimized,optimized,default,8192,8192,3,1234,11,0,99,625976610,10747517,680920084,34061389,4723751539,3453201994,35,196773
optimized,optimized,default,8192,8192,3,1234,12,0,99,626130755,11020124,681025336,34060585,4724571847,3461531101,32,196774
optimized,optimized,default,8192,8192,3,1234,13,0,99,626124966,10781031,681020090,34056616,4724504507,3453288158,37,196774
optimized,optimized,default,8192,8192,3,1234,14,0,99,625962422,10928409,680904963,34057843,4723657712,3455019870,33,196773
optimized,optimized,default,8192,8192,3,1234,15,0,99,625928102,10740089,680874575,34056120,4723470811,3456542052,33,196775
optimized,optimized,default,8192,8192,3,1234,16,0,99,625932055,10747327,680863031,34062627,4723342377,3450242750,38,196774
optimized,optimized,default,8192,8192,3,1234,17,0,99,625934959,10782807,680873934,34054673,4723439986,3453449943,35,196775
optimized,optimized,default,8192,8192,3,1234,18,0,99,625934256,11009425,680873967,34050418,4723470129,3453821729,31,196774
optimized,optimized,default,8192,8192,3,1234,19,0,99,625899810,10750357,680850567,34060428,4723356319,3457288007,28,196774
optimized,optimized,default,8192,8192,3,1234,20,0,99,625932438,10798559,680866642,34088292,4723411529,3465131336,31,196772
optimized,optimized,default,16384,16384,3,1234,1,0,99,2502755472,60531763,2723042927,136181890,18890991145,13814152717,139,786629
optimized,optimized,default,16384,16384,3,1234,2,0,99,2502741604,61421396,2723012952,136181933,18890781023,13844218003,149,786627
optimized,optimized,default,16384,16384,3,1234,3,0,99,2502173488,48238803,2722527023,136251719,18888236603,11716508640,99,786631
optimized,optimized,default,16384,16384,3,1234,4,0,99,2503164386,59562496,2723032867,136182291,18891781786,13916310954,124,786632
optimized,optimized,default,16384,16384,3,1234,5,0,99,2503061845,59223148,2722970724,136202378,18891399874,13938608671,110,786629
optimized,optimized,default,16384,16384,3,1234,6,0,99,2502555884,59446410,2722889189,136139686,18890099345,13951475035,113,786627
optimized,optimized,default,16384,16384,3,1234,7,0,99,2502430590,59661185,2722749989,136229914,18889228696,13944766874,122,786631
optimized,optimized,default,16384,16384,3,1234,8,0,99,2502453985,59399307,2722789924,136188077,18889463322,13925026987,107,786630
optimized,optimized,default,16384,16384,3,1234,9,0,99,2502317702,62222060,2722670321,136178922,18888725882,13921964202,80,786631
optimized,optimized,default,16384,16384,3,1234,10,0,99,2502420924,60215948,2722762422,136143096,18889212856,13951491590,109,786627
optimized,optimized,default,16384,16384,3,1234,11,0,99,2502423060,60549717,2722756930,136143574,18889224873,13930218599,117,786631
optimized,optimized,default,16384,16384,3,1234,12,0,99,2502640482,59370036,2722922758,136169194,18890378412,13948291836,123,786630
optimized,optimized,default,16384,16384,3,1234,13,0,99,2502463877,61014102,2722796374,136176378,18889455998,13929798518,123,786629
optimized,optimized,default,16384,16384,3,1234,14,0,99,2502477747,59856812,2722806275,136203390,18889489065,13932636103,125,786630
optimized,optimized,default,16384,16384,3,1234,15,0,99,2502616288,60503775,2722901554,136218191,18890107867,13937203102,144,786630
optimized,optimized,default,16384,16384,3,1234,16,0,100,2502556390,60303885,2722753785,136127803,18888845878,13942278556,141,786630
optimized,optimized,default,16384,16384,3,1234,17,0,99,2502511610,59873904,2722824908,136185784,18889647566,13925825368,133,786631
optimized,optimized,default,16384,16384,3,1234,18,0,99,2502446404,50399516,2722681923,136260593,18889433282,11509105627,106,786630
optimized,optimized,default,16384,16384,3,1234,19,0,99,2502549143,59408106,2722880180,136177265,18890058927,13949560666,123,786629
optimized,optimized,default,16384,16384,3,1234,20,0,99,2502590433,58967233,2722889115,136193766,18890049212,13926081743,132,786630
