label,stage,variant,H,W,K,n,L1-dcache-loads_median,L1-dcache-load-misses_median,branch-instructions_median,branch-misses_median,instructions_median,cpu-cycles_median,context-switches_median,page-faults_median,L1D_MPKI_median,L1D_miss_rate_median,branch_MPKI_median,branch_rate_median,branch_miss_rate_median,IPC_median,CPI_median,L1-dcache-loads_mad,L1-dcache-load-misses_mad,branch-instructions_mad,branch-misses_mad,instructions_mad,cpu-cycles_mad,context-switches_mad,page-faults_mad,L1D_MPKI_mad,L1D_miss_rate_mad,branch_MPKI_mad,branch_rate_mad,branch_miss_rate_mad,IPC_mad,CPI_mad
calibration,calibration,default,64,64,3,20,569690.5,14111,435183,14286.5,2474298,2125006.5,1,139,5.589506,0.024483035,5.489272,0.17567106,0.031294846,1.2065458,0.82882998,4094,408.5,3176,1192,1.546e+04,9.497e+04,0,1,0.103,0.0002761,0.1874,0.0002954,0.001165,0.02794,0.0192
calibration,calibration,default,128,128,3,20,668632,14059,557545.5,21641.5,3317805,2565352.5,1,162,4.3597795,0.021362516,6.4827453,0.16788077,0.038768265,1.3169473,0.7593529,1.122e+04,390,1.757e+04,1808,1.036e+05,8.038e+04,0,1,0.1726,0.000747,0.241,0.0002628,0.001733,0.04724,0.02632
calibration,calibration,default,256,256,3,20,1033236.5,15692,1044477,52734,6888032,4173062,1,263,2.2431782,0.01481345,7.6366345,0.1522069,0.049728355,1.617763,0.61814316,1.438e+04,938.5,5.553e+04,2756,3.639e+05,1.329e+05,0,1,0.2158,0.001087,0.1511,0.0006964,0.001305,0.05009,0.01919
calibration,calibration,default,512,512,3,20,2438240.5,25612,2744548.5,155596,18931182,10285192,1,648.5,1.3782835,0.010521915,8.1797771,0.14502422,0.056226395,1.8257859,0.54772669,1.211e+04,1742,7.971e+04,5406,6.191e+05,2.079e+05,0,1.5,0.1218,0.000743,0.0386,7.702e-05,0.0006279,0.02925,0.008652
calibration,calibration,default,1024,1024,3,20,8095025,56117,9550531.5,557760.5,66876261,35167248,1,2186,0.83864887,0.0069256462,8.3693867,0.14280788,0.05848308,1.8832573,0.5309957,2.016e+04,2506,2.253e+04,4844,1.69e+05,4.029e+05,0,1,0.03814,0.0002971,0.02731,1.188e-05,0.0002513,0.02387,0.006648
calibration,calibration,default,2048,2048,3,20,30794490,170681.5,36752740,2167874.5,2.5843397e+08,1.3788944e+08,1,8334,0.66097401,0.0055481006,8.384559,0.14219969,0.058963037,1.8739558,0.53363077,3.965e+04,2278,4.705e+04,2678,3.317e+05,9.786e+05,0,1,0.00799,6.665e-05,0.008201,2.141e-06,6.14e-05,0.01227,0.003493
calibration,calibration,default,4096,4096,3,20,1.2096204e+08,661692,1.4475909e+08,8537934,1.0190968e+09,5.4209856e+08,2,32918,0.64884104,0.0054667018,8.3795961,0.14204667,0.058989756,1.8787829,0.5322596,9.433e+04,5309,1.1e+05,8970,7.755e+05,1.674e+06,0.5,1,0.004847,4.09e-05,0.002327,9.981e-07,1.834e-05,0.006229,0.001759
calibration,calibration,default,8192,8192,3,20,4.8244942e+08,2663521,5.7757076e+08,34039738,4.0668738e+09,2.1701119e+09,6,131239,0.65492528,0.005520737,8.3706688,0.14201818,0.058941026,1.8739306,0.53363772,4.747e+04,1.563e+04,5.08e+04,7306,3.41e+05,4.807e+06,1,1,0.003962,3.348e-05,0.001708,9.485e-07,1.165e-05,0.004361,0.001245
calibration,calibration,default,16384,16384,3,20,1.9287673e+09,10399542,2.3095452e+09,1.3600099e+08,1.6262187e+10,8.659766e+09,16,524486.5,0.63948174,0.0053917533,8.3629759,0.14201877,0.058886028,1.8778711,0.53251794,7.229e+04,5.661e+04,1.037e+05,2.068e+04,7.13e+05,1.134e+07,2,0.5,0.003537,2.954e-05,0.001114,8.753e-07,7.811e-06,0.002537,0.0007195
naive,naive,default,64,64,3,20,684788.5,16409.5,533171,16883.5,3031112,2497215,1,143.5,5.4385382,0.024389671,5.5333472,0.17530845,0.031615023,1.228253,0.81421342,3.195e+04,823,3.278e+04,697,1.944e+05,1.023e+05,0,0.5,0.3314,0.001308,0.1632,0.0002857,0.000967,0.07308,0.04577
naive,naive,default,128,128,3,20,1109678,14856.5,923974,24017.5,5461822,3076905.5,1,178.5,2.8101028,0.01361789,4.4474119,0.16916959,0.026314437,1.6762859,0.59673066,7.726e+04,789,8.607e+04,1284,5.446e+05,1.602e+05,0,0.5,0.3818,0.001629,0.1199,0.0002723,0.0006429,0.1217,0.04284
naive,naive,default,256,256,3,20,2480825.5,14745,2152258,50534.5,13058917,5480223.5,1,327,1.1157963,0.005886165,3.931812,0.16482033,0.023834878,2.3664906,0.42259254,4.975e+04,973.5,4.876e+04,1078,3.135e+05,8.681e+04,0,1,0.07752,0.0004077,0.05823,0.0002107,0.0003629,0.06883,0.01195
naive,naive,default,512,512,3,20,7722804,26661,6829161.5,154763.5,41886072,15371436,1,903,0.64079087,0.0034749133,3.7187816,0.16304806,0.022809712,2.7097801,0.36903395,3.077e+04,2057,2.494e+04,1671,1.53e+05,1.172e+05,0,1,0.04907,0.0002658,0.03108,8.382e-06,0.000202,0.02355,0.003191
naive,naive,default,1024,1024,3,20,28632476,62231.5,25451082,558891.5,1.5653927e+08,55997913,1,3209,0.40118227,0.0021899731,3.5836199,0.16258602,0.022041751,2.7833462,0.35927982,8.145e+04,3266,7.481e+04,3095,4.596e+05,2.122e+05,0,1,0.02187,0.0001195,0.007365,3.3e-06,4.798e-05,0.01646,0.002112
naive,naive,default,2048,2048,3,20,1.1137603e+08,222201.5,99145571,2161028,6.1026256e+08,2.1638879e+08,2,12429,0.36564015,0.0020027851,3.5425269,0.16246383,0.021805048,2.8187943,0.35476162,1.033e+05,2.297e+04,9.266e+04,3110,5.718e+05,4.716e+05,1,1,0.03724,0.000204,0.003672,6.902e-07,2.26e-05,0.008867,0.001119
naive,naive,default,4096,4096,3,20,4.4171129e+08,878146,3.9333331e+08,8544673,2.4216078e+09,8.5614314e+08,3,49301,0.36259144,0.0019877207,3.5282887,0.16242742,0.02172164,2.8284362,0.35355229,1.967e+05,5.352e+04,1.833e+05,5851,1.146e+06,1.41e+06,1,1,0.02187,0.0001199,0.001469,8.848e-07,8.956e-06,0.005489,0.0006874
naive,naive,default,8192,8192,3,20,1.7638038e+09,3906855,1.5708968e+09,34077069,9.6722526e+09,3.4107801e+09,7,196774,0.40400378,0.0022153993,3.5233732,0.16241318,0.0216939,2.8357006,0.35264655,2.183e+05,1.089e+05,2.018e+05,7946,1.245e+06,3.283e+06,1,1,0.01137,6.23e-05,0.0007729,4.899e-07,4.813e-06,0.002574,0.0003202
naive,naive,default,16384,16384,3,20,7.0534142e+09,29278275,6.2831238e+09,1.3616966e+08,3.8687046e+10,1.3538115e+10,22,786629,0.75679635,0.0041509283,3.5199083,0.16240907,0.021673151,2.8575297,0.34995262,3.261e+05,3.168e+05,2.99e+05,2.681e+04,1.849e+06,1.279e+07,2,1,0.008171,4.482e-05,0.0007157,1.283e-07,4.396e-06,0.002841,0.0003476
reorder_base,reorder,default,64,64,3,20,705733,15742,524066,18073.5,3083216.5,2489168.5,1,142,5.2764212,0.022466532,5.8392445,0.17026026,0.034360115,1.2489407,0.80068651,4.173e+04,971,3.287e+04,1127,1.971e+05,1.094e+05,0,1,0.2598,0.001279,0.2229,0.0003894,0.001437,0.03034,0.01899
reorder_base,reorder,default,128,128,3,20,1124737,15655,818400.5,25201.5,5174014.5,2887800.5,1,178.5,3.0896012,0.014200053,4.9002467,0.15784077,0.030829665,1.7659148,0.56627965,2.419e+04,642.5,1.648e+04,1299,1.183e+05,7.244e+04,0,1,0.2838,0.0009807,0.1286,0.0001527,0.0007437,0.05662,0.01832
reorder_base,reorder,default,256,256,3,20,2539147.5,18932,1808313.5,53156.5,12161852,5163345,1,326,1.6097731,0.0077092499,4.420749,0.14873934,0.029565493,2.3420105,0.42698373,2.553e+04,1334,1.759e+04,1314,1.41e+05,6.132e+04,0,1,0.1544,0.0006157,0.05255,6.258e-05,0.0002629,0.06178,0.01157
reorder_base,reorder,default,512,512,3,20,7749422,56339,5465613,156805,37666173,14188132,1,903,1.5264088,0.0074004064,4.2117586,0.14510667,0.028971872,2.6341058,0.37963566,4.568e+04,5955,3.202e+04,2273,2.249e+05,5.941e+04,0,1,0.1834,0.0008897,0.02155,3.158e-05,0.0001022,0.04096,0.005902
reorder_base,reorder,default,1024,1024,3,20,28673161,197043.5,20117030,567246,1.3966774e+08,52396824,1,3209.5,1.4300966,0.0069609816,4.0675236,0.14403788,0.028212161,2.6474776,0.37771843,2.887e+05,8802,2.018e+05,5938,1.402e+06,4.49e+05,0.5,0.5,0.06472,0.0003132,0.005195,6.894e-06,2.674e-05,0.02006,0.002884
reorder_base,reorder,default,2048,2048,3,20,1.1123466e+08,1069593.5,77941222,2173159.5,5.4221087e+08,2.2062989e+08,1,12429,1.9735122,0.0096198806,4.0078412,0.14374776,0.027879743,2.4539803,0.40750143,2.339e+05,2.938e+04,1.641e+05,4386,1.138e+06,6.957e+05,1,1,0.05528,0.0002678,0.001101,1.433e-06,7.638e-06,0.007658,0.001272
reorder_base,reorder,default,4096,4096,3,20,4.4152508e+08,4994427,3.0924292e+08,8574359,2.152334e+09,9.1613871e+08,3,49301,2.3198256,0.011308595,3.983022,0.14367754,0.027721683,2.3481349,0.42586993,8.872e+04,6.431e+04,6.453e+04,3961,4.527e+05,1.137e+06,1,1,0.0299,0.0001457,0.001134,7.882e-07,9.114e-06,0.003093,0.0005611
reorder_base,reorder,default,8192,8192,3,20,1.7639779e+09,19987172,1.2355286e+09,34128320,8.6001753e+09,3.6842578e+09,6,196774,2.3238136,0.011329606,3.9684453,0.14366401,0.027623121,2.3343743,0.42838032,1.703e+05,9.328e+04,1.17e+05,5116,8.684e+05,5.007e+06,1,1,0.01093,5.33e-05,0.0009998,3.626e-07,6.823e-06,0.003139,0.0005762
reorder_base,reorder,default,16384,16384,3,20,7.0538416e+09,80552334,4.9415081e+09,1.3625532e+08,3.4396183e+10,1.4686122e+10,22,786630,2.341877,0.011419533,3.9613301,0.14366491,0.027573361,2.3421325,0.42696133,1.765e+05,2.072e+05,1.343e+05,3.664e+04,8.294e+05,1.139e+07,2,1,0.005946,2.902e-05,0.001004,3.69e-07,6.967e-06,0.001808,0.0003296
simd128_v2,simd,conv_simd128_v2,64,64,3,20,629859,15878.5,496637,17407,2842396,2482496,1,142.5,5.5187568,0.024872223,6.2936885,0.17486331,0.035979338,1.1211027,0.89198031,2.083e+04,766,1.592e+04,994.5,9.472e+04,1.394e+05,0,0.5,0.227,0.0009896,0.0649,0.0001507,0.0003762,0.05886,0.04764
simd128_v2,simd,conv_simd128_v2,128,128,3,20,818870.5,13934.5,701109.5,23262,4225180.5,2801155,1,178,3.2722125,0.016878091,5.7183708,0.16598911,0.034300872,1.4640781,0.68309232,1.667e+04,312.5,1.629e+04,1364,9.961e+04,6.133e+04,0,1,0.06687,0.0002848,0.1149,0.0002511,0.0007254,0.05368,0.02497
simd128_v2,simd,conv_simd128_v2,256,256,3,20,1475323,14757.5,1383223.5,51765.5,8772873.5,4811015.5,1,326.5,1.6592387,0.0098832596,5.9204829,0.15754404,0.037589147,1.8426109,0.5427268,1.897e+04,930.5,1.596e+04,1451,9.573e+04,1.072e+05,0,1,0.07602,0.0004447,0.07531,6.701e-05,0.0004244,0.03783,0.01113
simd128_v2,simd,conv_simd128_v2,512,512,3,20,3996890,26445.5,3946874.5,155521.5,25682868,12277410,1,902.5,1.0286729,0.0066096485,6.0617458,0.15368053,0.039384047,2.0923291,0.47793679,1.682e+04,640.5,1.629e+04,1125,1.027e+05,9.856e+04,0,1,0.02508,0.0001486,0.027,1.836e-05,0.000213,0.01687,0.003862
simd128_v2,simd,conv_simd128_v2,1024,1024,3,20,14132961,62824,14187652,559468.5,93043792,43782980,1,3209,0.6752555,0.004445117,6.0150952,0.15248992,0.03943591,2.1201065,0.47167531,3.899e+04,1958,4.435e+04,1328,3.261e+05,3.002e+05,0,1,0.02242,0.0001474,0.006352,3.324e-06,3.888e-05,0.01153,0.002551
simd128_v2,simd,conv_simd128_v2,2048,2048,3,20,54379082,242734,54854272,2165760.5,3.6046724e+08,1.6968993e+08,1,12430,0.67548006,0.0044739125,6.0103536,0.15217042,0.039493916,2.121223,0.47142618,6.2e+04,4699,7.542e+04,5347,5.309e+05,4.732e+05,0,1,0.0134,8.511e-05,0.004125,7.452e-07,3.143e-05,0.0037,0.0008218
simd128_v2,simd,conv_simd128_v2,4096,4096,3,20,2.1471849e+08,1006644.5,2.1680141e+08,8547817.5,1.425495e+09,6.7438907e+08,2,49301,0.70586185,0.0046863275,5.9928429,0.15208793,0.039403922,2.1122554,0.47342759,1.097e+05,1.314e+04,1.085e+05,4672,7.096e+05,9.65e+05,1,2,0.009587,6.375e-05,0.001189,7.084e-07,8.345e-06,0.004209,0.0009433
simd128_v2,simd,conv_simd128_v2,8192,8192,3,20,8.5737744e+08,5256822,8.6600991e+08,34063852,5.6947804e+09,2.6954222e+09,5,196773,0.92303867,0.006131033,5.9818884,0.15206895,0.039336085,2.1127228,0.47332299,9.905e+04,2.981e+04,9.131e+04,6322,5.725e+05,6.771e+06,1,1,0.005109,3.389e-05,0.001573,4.668e-07,1.119e-05,0.005207,0.001165
simd128_v2,simd,conv_simd128_v2,16384,16384,3,20,3.428281e+09,34014828,3.4638169e+09,1.3611766e+08,2.2778082e+10,1.0748651e+10,18,786629,1.4934455,0.0099224919,5.975943,0.1520683,0.039297592,2.1191469,0.471888,6.541e+04,1.771e+05,8.534e+04,2.427e+04,4.671e+05,6.402e+06,2.5,1,0.007711,5.129e-05,0.0009447,2.647e-07,6.303e-06,0.001294,0.000288
simd128_v3,simd,conv_simd128_v3,64,64,3,20,624637,16098.5,484105.5,17816.5,2789536.5,2508447.5,1,143,5.7920768,0.025959494,6.4180116,0.17342075,0.036968451,1.1077164,0.90278416,6584,896.5,5300,298,3.517e+04,9.83e+04,0,1,0.3498,0.001568,0.05472,0.0001609,0.0003174,0.03811,0.03163
simd128_v3,simd,conv_simd128_v3,128,128,3,20,783731,13876,650126,24526,4013118,2780439,1,179,3.4073371,0.017451938,6.1727801,0.16207735,0.037957698,1.4230344,0.70272892,1.118e+04,414.5,1.174e+04,1070,7.04e+04,6.974e+04,0,1,0.03823,0.0001926,0.2705,0.000144,0.001703,0.04263,0.02043
simd128_v3,simd,conv_simd128_v3,256,256,3,20,1391083,14849.5,1245704,52247,8265237.5,4598267.5,1,326,1.7666281,0.010507655,6.3351081,0.15069053,0.041797187,1.7901539,0.55864769,1.188e+04,608,1.04e+04,639,6.788e+04,7.409e+04,0,1,0.05842,0.000344,0.07832,6.752e-05,0.0002945,0.04777,0.01489
simd128_v3,simd,conv_simd128_v3,512,512,3,20,3692535,27008,3460475.5,156407,23817112,11870418,1,903,1.1284308,0.0072793151,6.5591933,0.14530122,0.045136309,2.0032593,0.49918781,2.736e+04,1016,2.212e+04,1595,1.521e+05,1.613e+05,0,1,0.04506,0.0002776,0.02369,2.41e-05,0.0002262,0.02297,0.005696
simd128_v3,simd,conv_simd128_v3,1024,1024,3,20,12958649,61136.5,12331216,561785.5,85866037,42017544,2,3210,0.71375992,0.0047277657,6.542743,0.14361918,0.045551982,2.0361088,0.49113296,2.931e+04,1589,3.162e+04,1429,2.44e+05,3.22e+05,1,1,0.02097,0.0001381,0.005451,9.374e-06,5.349e-05,0.01574,0.003825
simd128_v3,simd,conv_simd128_v3,2048,2048,3,20,49645052,237619.5,47460208,2167198,3.3153416e+08,1.631109e+08,1,12430,0.71687698,0.0047875851,6.5400414,0.14315167,0.045685148,2.030385,0.49251749,4.082e+04,4966,3.908e+04,2689,2.782e+05,3.764e+05,0,1,0.01464,9.647e-05,0.003833,1.203e-06,2.348e-05,0.002377,0.000576
simd128_v3,simd,conv_simd128_v3,4096,4096,3,20,1.9596454e+08,972081.5,1.8752972e+08,8546918.5,1.3110037e+09,6.5041653e+08,2,49301.5,0.74283893,0.004968432,6.5214558,0.14304244,0.045589377,2.0156347,0.49612166,6.281e+04,1.582e+04,6.134e+04,5598,4.374e+05,9.134e+05,1,1.5,0.0136,8.978e-05,0.002177,1.136e-06,1.612e-05,0.002796,0.0006893
simd128_v3,simd,conv_simd128_v3,8192,8192,3,20,7.8179517e+08,4400590,7.4844727e+08,34072054,5.2329483e+09,2.5931485e+09,4,196773,0.84088229,0.0056283472,6.5106312,0.14302632,0.045520636,2.0179619,0.49554956,8.006e+04,7.31e+04,7.805e+04,1.451e+04,5.458e+05,4.677e+06,1,1,0.01402,9.386e-05,0.002183,8.147e-07,1.546e-05,0.00337,0.000829
simd128_v3,simd,conv_simd128_v3,16384,16384,3,20,3.1261461e+09,32319750,2.9938896e+09,1.3611369e+08,2.0931852e+10,1.0330311e+10,15,786629,1.5440378,0.010338436,6.5026334,0.14303106,0.045463247,2.0262497,0.49352262,1.268e+05,2.758e+05,5.436e+04,2.723e+04,7.858e+05,9.601e+06,1,1,0.01306,8.762e-05,0.001402,7.356e-07,9.544e-06,0.001823,0.000444
simd128_v4,simd,conv_simd128_v4,64,64,3,20,624663,16838,480052,17856,2767788.5,2492640.5,1,143,6.223583,0.027243941,6.467633,0.17346141,0.037301278,1.1095014,0.90131201,1.419e+04,783.5,1.209e+04,551,7.419e+04,7.679e+04,0,1,0.2555,0.001121,0.06072,0.0001754,0.0003447,0.06028,0.0501
simd128_v4,simd,conv_simd128_v4,128,128,3,20,787198,14208.5,634338.5,24062,3929337.5,2812669,1,178,3.5596396,0.017818136,6.0212764,0.16154445,0.037330765,1.3966202,0.71601636,1.865e+04,652,1.62e+04,1228,1.276e+05,1.022e+05,0,1,0.06977,0.0003289,0.1959,0.0001545,0.001213,0.05509,0.02784
simd128_v4,simd,conv_simd128_v4,256,256,3,20,1335433.5,14970.5,1146180.5,52150.5,7694705.5,4598917,1,326,1.9289258,0.01112841,6.8008233,0.14894269,0.045644297,1.6598841,0.60245205,1.949e+04,331.5,2.004e+04,649,1.298e+05,8.232e+04,0,1,0.04099,0.0002374,0.04407,0.0001429,0.0002975,0.0234,0.008523
simd128_v4,simd,conv_simd128_v4,512,512,3,20,3454192.5,27840.5,3080822,155195,21600912,11651236,1,903,1.2872121,0.0080564321,7.2093251,0.14264694,0.050522739,1.8402092,0.54342071,2.607e+04,1314,2.626e+04,2182,1.989e+05,1.27e+05,0,1,0.05604,0.0003461,0.02098,3.395e-05,0.000278,0.02664,0.007858
simd128_v4,simd,conv_simd128_v4,1024,1024,3,20,12017784,63357.5,10880900,559486,77378148,41731441,1,3208,0.82012927,0.0052715752,7.2347876,0.14063085,0.051441638,1.8572719,0.53842473,1.952e+04,1824,2.167e+04,1648,1.868e+05,5.464e+05,0,1,0.02337,0.0001507,0.003296,9.436e-06,3.135e-05,0.01858,0.005334
simd128_v4,simd,conv_simd128_v4,2048,2048,3,20,45969616,232781.5,41789696,2163825,2.983277e+08,1.6108713e+08,1,12429.5,0.77946965,0.0050590955,7.2489604,0.14007637,0.051744279,1.8515023,0.54010196,9.82e+04,3745,8.855e+04,5266,6.422e+05,4.338e+05,0,1.5,0.01266,8.229e-05,0.005827,2.145e-06,3.961e-05,0.003208,0.0009375
simd128_v4,simd,conv_simd128_v4,4096,4096,3,20,1.8169541e+08,1018693.5,1.653559e+08,8547456.5,1.1815422e+09,6.4363879e+08,2,49301,0.86280822,0.005609906,7.2339926,0.13994678,0.051686857,1.8341783,0.54520333,8.422e+04,1.683e+04,8e+04,4773,5.709e+05,1.064e+06,1,1,0.01458,9.368e-05,0.003986,6.46e-07,2.442e-05,0.002914,0.0008675
simd128_v4,simd,conv_simd128_v4,8192,8192,3,20,7.2520253e+08,4506716.5,6.6033796e+08,34066052,4.7190642e+09,2.5644561e+09,5,196773,0.95499829,0.0062143605,7.2188985,0.1399304,0.051589346,1.8398995,0.54350796,3.361e+04,4.754e+04,3.15e+04,5894,1.944e+05,2.543e+06,1,1,0.009911,6.475e-05,0.00181,8.584e-07,1.242e-05,0.001814,0.0005363
simd128_v4,simd,conv_simd128_v4,16384,16384,3,20,2.8996281e+09,36625222,2.6414562e+09,1.3611126e+08,1.8875953e+10,1.0242839e+10,16,786629,1.9403996,0.012631529,7.2109158,0.13993829,0.051529267,1.8428636,0.54263376,7.072e+04,1.943e+05,7.514e+04,2.556e+04,4.831e+05,7.135e+06,1.5,1,0.01032,6.711e-05,0.001454,4.815e-07,1.059e-05,0.001365,0.0004024
simd256_v1,simd,conv_simd256_v1,64,64,3,20,608900.5,16570,478565.5,17505,2732400,2424807.5,1,142,6.2082866,0.027984377,6.4406319,0.17490376,0.036845342,1.1291471,0.8856279,6890,678,5136,390,3.792e+04,6.112e+04,0,1.5,0.2002,0.0007829,0.05604,0.0002425,0.0003463,0.02884,0.02259
simd256_v1,simd,conv_simd256_v1,128,128,3,20,758100.5,13656,651976,23746,3951709.5,2762620.5,1,179,3.4429399,0.017949823,5.9877256,0.16529329,0.035880423,1.4384726,0.6951832,1.453e+04,204.5,1.422e+04,981.5,8.601e+04,5.22e+04,0,1,0.04731,0.0002558,0.1878,0.000117,0.001306,0.02733,0.0132
simd256_v1,simd,conv_simd256_v1,256,256,3,20,1279496.5,15253.5,1228366.5,51401,7902728,4528196,1,326.5,1.9113659,0.011744371,6.5259699,0.15551587,0.041917952,1.7121213,0.58411768,1.239e+04,1009,1.179e+04,2290,8.46e+04,1.045e+05,0,1.5,0.1095,0.0005987,0.1278,0.0001117,0.0008039,0.06158,0.02101
simd256_v1,simd,conv_simd256_v1,512,512,3,20,3363382.5,27455,3454636.5,154435.5,22911342,11751262,1,903,1.1910147,0.0081142075,6.7994304,0.15077881,0.044885595,1.9481835,0.51329932,2.092e+04,687,2.191e+04,2744,1.456e+05,1.26e+05,0,1,0.0281,0.0001934,0.0353,2.834e-05,0.0003347,0.02042,0.005323
simd256_v1,simd,conv_simd256_v1,1024,1024,3,20,11719970,63111,12314898,561016.5,82492600,41884318,1,3209,0.76279694,0.0053690585,6.7942334,0.14928803,0.045509788,1.9608414,0.50998516,4.222e+04,2519,4.494e+04,2006,3.019e+05,3.739e+05,0,1,0.03243,0.0002278,0.005177,8.261e-06,4.539e-05,0.01957,0.005039
simd256_v1,simd,conv_simd256_v1,2048,2048,3,20,44860748,253614,47449054,2165542.5,3.1871254e+08,1.6295753e+08,1,12429,0.79603405,0.0056558676,6.7966693,0.14887709,0.045652808,1.9544584,0.51165069,3.572e+04,4272,4.084e+04,3279,2.75e+05,3.214e+05,0,1,0.015,0.0001062,0.002867,6.951e-07,1.633e-05,0.00173,0.0004528
simd256_v1,simd,conv_simd256_v1,4096,4096,3,20,1.7705577e+08,1111344.5,1.8755917e+08,8550536,1.2606875e+09,6.5250123e+08,2,49301,0.88153573,0.0062767783,6.7825116,0.14877507,0.045588966,1.9317813,0.51765695,1.894e+04,1.927e+04,1.809e+04,3706,1.267e+05,8.656e+05,1,1,0.01473,0.0001048,0.002501,4.28e-07,1.66e-05,0.002363,0.0006332
simd256_v1,simd,conv_simd256_v1,8192,8192,3,20,7.0614474e+08,5334771.5,7.4833401e+08,34065644,5.0306317e+09,2.6005571e+09,5.5,196773,1.0603092,0.0075537042,6.7715353,0.14875522,0.045520284,1.9344254,0.51694938,6.138e+04,1.178e+05,5.606e+04,1.198e+04,3.757e+05,4.024e+06,0.5,1,0.02327,0.0001657,0.00202,6.359e-07,1.294e-05,0.003509,0.0009376
simd256_v1,simd,conv_simd256_v1,16384,16384,3,20,2.8240227e+09,36177782,2.9937822e+09,1.3610008e+08,2.0125484e+10,1.0325094e+10,17,786629,1.797651,0.012811097,6.7625015,0.1487556,0.045460516,1.9492405,0.51302034,1.08e+05,2.328e+05,1.25e+05,1.429e+04,7.885e+05,7.77e+06,1,1,0.01156,8.238e-05,0.0008042,3.923e-07,5.432e-06,0.00142,0.0003737
simd256_v2,simd,conv_simd256_v2,64,64,3,20,617770,16346.5,482301,17677,2769154,2485743.5,1,142,5.8888866,0.026072431,6.4586229,0.17402117,0.037131408,1.0847425,0.92192822,1.919e+04,1018,1.725e+04,837,1.053e+05,8.305e+04,0,1,0.4124,0.00189,0.07007,0.0003349,0.0004188,0.02613,0.02212
simd256_v2,simd,conv_simd256_v2,128,128,3,20,744057,13698,629502.5,24424,3857021,2724105.5,1,179,3.5293747,0.01830581,6.2686358,0.16317533,0.038466729,1.408746,0.70985131,7121,301.5,7376,769,4.488e+04,5.168e+04,0,1,0.0435,0.0002125,0.2051,9.089e-05,0.001563,0.0202,0.01004
simd256_v2,simd,conv_simd256_v2,256,256,3,20,1244476,14685.5,1165577,51775.5,7681029,4497028,1,326,1.905102,0.011770713,6.7364317,0.1517731,0.044269384,1.7035621,0.58700655,7702,538.5,1.048e+04,705.5,5.583e+04,2.535e+04,0,1,0.07235,0.0004527,0.0621,0.0001208,0.0005007,0.03581,0.0126
simd256_v2,simd,conv_simd256_v2,512,512,3,20,3209624.5,27887.5,3204589,154475,21933710,11452763,1,903,1.2682477,0.0086800115,7.082841,0.14610338,0.048406447,1.8856635,0.53031732,3.912e+04,1537,4.233e+04,3334,2.923e+05,1.653e+05,0,1,0.08647,0.0005673,0.04796,4.302e-05,0.0002948,0.03481,0.009611
simd256_v2,simd,conv_simd256_v2,1024,1024,3,20,11118544,62821.5,11363030,560737.5,78750260,41291410,1,3209.5,0.79432419,0.0056279303,7.1175047,0.14428871,0.049309203,1.9073009,0.52430397,1.892e+04,900,2.119e+04,1416,1.44e+05,3.632e+05,0,1.5,0.01581,0.0001057,0.007082,4.992e-06,5.102e-05,0.01014,0.002775
simd256_v2,simd,conv_simd256_v2,2048,2048,3,20,42486268,266338.5,43740559,2166007.5,3.0417339e+08,1.6041667e+08,1,12429,0.8809108,0.0062965167,7.1256409,0.14379985,0.049552623,1.8916759,0.52863179,2.076e+04,1.006e+04,2.36e+04,4355,1.696e+05,3.636e+05,0,1,0.03201,0.0002292,0.00673,1.991e-06,5.105e-05,0.004784,0.001333
simd256_v2,simd,conv_simd256_v2,4096,4096,3,20,1.6753284e+08,1039212.5,1.7275168e+08,8547006.5,1.2022938e+09,6.3988896e+08,2,49301,0.86470519,0.0062044865,7.1081973,0.14368285,0.049471252,1.8780418,0.53246951,9.818e+04,1.138e+04,1.026e+05,5266,7.131e+05,8.597e+05,1,1,0.00893,6.523e-05,0.003076,1.182e-06,2.393e-05,0.001442,0.000409
simd256_v2,simd,conv_simd256_v2,8192,8192,3,20,6.685745e+08,4573497,6.8975485e+08,34063389,4.8011356e+09,2.5539056e+09,5,196773,0.95264254,0.0068410504,7.0955315,0.14366546,0.049389044,1.879987,0.53191858,2.89e+04,3.205e+04,2.585e+04,7772,1.579e+05,5.74e+06,1,1,0.006604,4.74e-05,0.001139,4.541e-07,7.986e-06,0.004304,0.001218
simd256_v2,simd,conv_simd256_v2,16384,16384,3,20,2.673123e+09,32761748,2.7589477e+09,1.3611471e+08,1.9203107e+10,1.0156171e+10,17,786630,1.7060994,0.012256355,7.0880666,0.14367027,0.049335631,1.8906805,0.52891009,1.244e+05,1.7e+05,1.264e+05,2.018e+04,7.974e+05,4.555e+06,1.5,1,0.008877,6.38e-05,0.001153,4.859e-07,8.179e-06,0.000975,0.0002726
simd256_v3,simd,conv_simd256_v3,64,64,3,20,594501.5,16186,463378.5,17451.5,2660905.5,2456072,1,142,6.0281466,0.026988474,6.5218309,0.17422133,0.037440575,1.1135767,0.89807297,9372,1014,1.143e+04,600,7.518e+04,9.827e+04,0,1,0.419,0.001705,0.1003,0.0003607,0.0005208,0.03016,0.02436
simd256_v3,simd,conv_simd256_v3,128,128,3,20,734606,14361,614435.5,23912,3770993,2733115.5,1,178,3.7796589,0.019391283,6.3698686,0.16295423,0.039032556,1.3698874,0.72998704,1.023e+04,263,1.046e+04,709.5,6.254e+04,5.665e+04,0,1,0.07523,0.0003687,0.1732,0.000125,0.001022,0.03385,0.0176
simd256_v3,simd,conv_simd256_v3,256,256,3,20,1210996.5,16872,1113503.5,52598,7382467,4516305,1,326,2.2711892,0.01382024,7.1112147,0.15087907,0.047146029,1.6291452,0.61381886,1.73e+04,524.5,1.507e+04,1224,9.614e+04,1.107e+05,0,1.5,0.06666,0.0003655,0.1306,4.772e-05,0.001087,0.03374,0.01246
simd256_v3,simd,conv_simd256_v3,512,512,3,20,3098482,34817,3029954,156071.5,20930136,11568250,1,903.5,1.6606984,0.011217555,7.4599657,0.14475236,0.051521908,1.8091495,0.55274609,1.719e+04,1154,1.551e+04,1402,1.336e+05,1.331e+05,0,0.5,0.05609,0.0003502,0.02069,1.601e-05,0.0002057,0.01504,0.004594
simd256_v3,simd,conv_simd256_v3,1024,1024,3,20,10657504,92636,10653590,561529.5,74616672,41296682,1,3209,1.2395519,0.0086794134,7.5150435,0.14278334,0.052631791,1.8087642,0.55286367,1.832e+04,1410,2.102e+04,1449,1.541e+05,5.166e+05,0,1,0.02201,0.0001452,0.00749,4.276e-06,5.205e-05,0.02085,0.006371
simd256_v3,simd,conv_simd256_v3,2048,2048,3,20,40692325,379565.5,40956904,2168008,2.8794119e+08,1.5987897e+08,1,12430,1.317164,0.0093203386,7.5279634,0.1422416,0.052924397,1.798582,0.55599359,4.172e+04,6336,3.964e+04,2871,2.746e+05,5.251e+05,0,1,0.02189,0.0001539,0.003301,1.408e-06,2.87e-05,0.003906,0.001207
simd256_v3,simd,conv_simd256_v3,4096,4096,3,20,1.6046776e+08,2064787.5,1.6175029e+08,8548867,1.1381854e+09,6.4004078e+08,2,49301,1.8155446,0.012877537,7.5112046,0.14211351,0.052850839,1.7781963,0.5623676,3.671e+04,1.934e+04,3.988e+04,3368,2.84e+05,6.316e+05,1,1,0.01742,0.0001219,0.002763,8.626e-07,1.988e-05,0.001859,0.0005878
simd256_v3,simd,conv_simd256_v3,8192,8192,3,20,6.4015212e+08,8447157,6.455965e+08,34065950,4.5433698e+09,2.5626192e+09,5,196773.5,1.8589713,0.013193928,7.4983748,0.14209555,0.05276883,1.772808,0.56407689,9.435e+04,7.011e+04,9.483e+04,1.339e+04,6.96e+05,5.444e+06,1,1.5,0.01528,0.0001086,0.002629,1e-06,1.673e-05,0.004342,0.001385
simd256_v3,simd,conv_simd256_v3,16384,16384,3,20,2.5598417e+09,45945040,2.5827581e+09,1.3610867e+08,1.817553e+10,1.0168381e+10,17.5,786629,2.5278267,0.017948268,7.4883834,0.1421008,0.052697723,1.7874207,0.5594654,6.77e+04,2.239e+05,6.553e+04,4.186e+04,4.164e+05,9.689e+06,0.5,0.5,0.01229,8.718e-05,0.001888,3.712e-07,1.538e-05,0.0017,0.0005321
tile_1024,tile,1024,64,64,3,20,708501,15870.5,555703,17348,3156092,2549379.5,1,142,5.0609126,0.022516917,5.5097359,0.1759854,0.031356168,1.2547292,0.79698571,1.678e+04,802,1.29e+04,782,7.461e+04,8.2e+04,0,1,0.2985,0.001444,0.04352,0.0001165,0.0002404,0.0572,0.03808
tile_1024,tile,1024,128,128,3,20,1116364.5,13655.5,928924,22799,5452522,2953695.5,1,177.5,2.5122504,0.012265707,4.4820072,0.17055366,0.026222085,1.8055898,0.55384166,3.083e+04,467,2.572e+04,868,1.496e+05,4.722e+04,0,1.5,0.1236,0.0006004,0.2387,0.0001361,0.001318,0.09983,0.029
tile_1024,tile,1024,256,256,3,20,2493952.5,15566,2165854,50621.5,12991483,5512815.5,1,326,1.1940392,0.0062208464,3.9168321,0.16669489,0.023473517,2.3571167,0.42424749,1.704e+04,576.5,1.456e+04,714.5,8.59e+04,3.733e+04,0,1,0.04423,0.000231,0.03921,2.203e-05,0.0002321,0.03604,0.006388
tile_1024,tile,1024,512,512,3,20,7707366,31434.5,6813811,152047.5,41230654,15347489,1,903,0.76693669,0.0041028189,3.7164153,0.16526557,0.022486537,2.667646,0.37486233,7.319e+04,1739,6.413e+04,2270,3.852e+05,2.05e+05,0,1,0.04762,0.0002446,0.01825,2.224e-05,0.0001047,0.04481,0.006193
tile_1024,tile,1024,1024,1024,3,20,28609060,78172.5,25427926,558611.5,1.542475e+08,57707934,1,3209.5,0.51306317,0.002763223,3.6229593,0.16485532,0.021975378,2.6597902,0.37596951,5.823e+04,2644,5.148e+04,1526,3.122e+05,5.589e+05,0,0.5,0.01731,9.331e-05,0.008013,6.485e-06,4.321e-05,0.03733,0.005275
tile_1024,tile,1024,2048,2048,3,20,1.1126579e+08,230026,99019145,2162652,6.0106548e+08,2.177323e+08,1.5,12429,0.38253434,0.0020665095,3.5959551,0.16474264,0.021827686,2.7609111,0.36220016,1.681e+05,2392,1.521e+05,3279,9.119e+05,1.466e+06,0.5,1,0.004622,2.491e-05,0.00201,8.72e-07,1.208e-05,0.02184,0.002863
tile_1024,tile,1024,4096,4096,3,20,4.417161e+08,929183.5,3.9322595e+08,8552010.5,2.3874225e+09,8.8850159e+08,3,49302,0.3889935,0.0021024629,3.5816427,0.16470726,0.021745279,2.6867719,0.37219386,9.368e+04,1.611e+04,8.383e+04,4444,5.129e+05,2.783e+06,1,1,0.006527,3.528e-05,0.001021,4.649e-07,5.822e-06,0.006272,0.0008709
tile_1024,tile,1024,8192,8192,3,20,1.7647836e+09,3809039,1.5712966e+09,34108408,9.5408332e+09,3.5873368e+09,7,196773,0.3991481,0.0021578824,3.5751301,0.16469193,0.02170798,2.659583,0.37599879,2.352e+05,7.494e+04,2.089e+05,8514,1.265e+06,8.23e+06,2,1,0.007813,4.224e-05,0.0008559,3.017e-07,5.182e-06,0.005985,0.0008481
tile_1024,tile,1024,16384,16384,3,20,7.0566504e+09,17135420,6.2839665e+09,1.3628922e+08,3.8157018e+10,1.4371399e+10,24.5,786629,0.44907359,0.0024282524,3.5717914,0.16468709,0.021688378,2.6550433,0.37664172,1.207e+05,1.286e+05,1.046e+05,2.241e+04,6.44e+05,2.129e+07,2.5,1,0.003364,1.835e-05,0.0005242,1.225e-07,3.179e-06,0.003959,0.0005613
tile_128,tile,128,64,64,3,20,717008,16237,564274,17541,3208043.5,2544016.5,1,142,5.0952061,0.022657104,5.5211874,0.17600827,0.03138764,1.2643294,0.79093323,1.27e+04,1200,9896,591.5,5.7e+04,8.529e+04,0,0,0.3363,0.00155,0.06452,0.000146,0.0003932,0.02285,0.01426
tile_128,tile,128,128,128,3,20,1115204,14242,927222,23209,5440306,2938585.5,1,178,2.477423,0.012091498,4.3974315,0.170557,0.025797911,1.8020592,0.5552512,7.462e+04,607,6.594e+04,1177,3.851e+05,5.159e+04,0,1,0.04835,0.0002351,0.176,0.0002534,0.001037,0.1104,0.03237
tile_128,tile,128,256,256,3,20,2445434.5,15369,2121354.5,49417.5,12731668,5425615,1,326.5,1.1732621,0.0061080551,3.9662273,0.1666632,0.023756674,2.3208124,0.43088385,7.617e+04,1094,7.687e+04,1923,4.58e+05,1.082e+05,0,0.5,0.05511,0.0002868,0.08622,4.665e-05,0.0005008,0.09118,0.01629
tile_128,tile,128,512,512,3,20,7743408,29743.5,6832152,154491,41353140,15406608,1,903,0.71713552,0.0038299195,3.7603787,0.16522025,0.02276211,2.639299,0.3788889,3.442e+04,1322,3.092e+04,1994,1.869e+05,2.242e+05,0,1,0.02746,0.0001465,0.02556,1.698e-05,0.0001457,0.02768,0.004015
tile_128,tile,128,1024,1024,3,20,28720976,70242.5,25469336,565993,1.5454687e+08,56181730,1,3210,0.45402051,0.0024428422,3.6666327,0.16479927,0.022248687,2.7369589,0.36536923,7.052e+04,1392,6.508e+04,1686,4.009e+05,3.036e+05,0,1,0.01176,6.316e-05,0.002652,4.314e-06,1.642e-05,0.02357,0.003153
tile_128,tile,128,2048,2048,3,20,1.1153726e+08,241011,99040061,2187369,6.0138061e+08,2.1951162e+08,1,12429,0.40134577,0.0021634499,3.6363821,0.16468815,0.022080367,2.7410066,0.36482948,2.367e+05,4092,2.105e+05,4039,1.277e+06,1.259e+06,0,1,0.007405,3.968e-05,0.001577,7.204e-07,9.509e-06,0.01233,0.001633
tile_128,tile,128,4096,4096,3,20,4.4327862e+08,949361.5,3.9371642e+08,8665895,2.3912025e+09,8.8527615e+08,3,49301,0.39699822,0.0021415406,3.6248476,0.16465209,0.022015198,2.7010348,0.37022868,3.474e+04,4536,3.675e+04,2468,2.036e+05,5.54e+06,1,1,0.001739,9.387e-06,0.001261,3.043e-07,7.696e-06,0.01694,0.002307
tile_128,tile,128,8192,8192,3,20,1.7698577e+09,3964786.5,1.5721876e+09,34559652,9.5495063e+09,3.5513529e+09,8,196773.5,0.41518424,0.0022401887,3.6189535,0.16463646,0.02198146,2.6890377,0.37188041,1.927e+05,2.823e+04,1.798e+05,9008,1.026e+06,1.195e+07,1,1.5,0.003009,1.624e-05,0.0006768,2.427e-07,3.885e-06,0.009241,0.001282
tile_128,tile,128,16384,16384,3,20,7.0769102e+09,17939352,6.2876207e+09,1.3809556e+08,3.819204e+10,1.4078276e+10,27,786629,0.46970811,0.0025348777,3.6157802,0.16463178,0.021962845,2.7128298,0.36861878,1.441e+05,4.084e+04,1.496e+05,2.884e+04,9.478e+05,2.324e+07,2,1,0.001068,5.758e-06,0.0007781,1.619e-07,4.702e-06,0.004466,0.0006058
tile_16,tile,16,64,64,3,20,723479.5,16268,566663.5,17725.5,3227081,2518690.5,1,142,5.134627,0.022909021,5.5754806,0.17567146,0.031726673,1.2774356,0.78281871,1.036e+04,931.5,8054,416.5,4.568e+04,8.063e+04,0,1,0.2761,0.001093,0.05297,0.0001243,0.0003204,0.04495,0.02723
tile_16,tile,16,128,128,3,20,1139737.5,13739,937591,24633,5509981,3085726.5,1,179,2.4433627,0.011814692,4.5347497,0.17020478,0.026664797,1.7893029,0.55887837,1.767e+04,564.5,1.474e+04,720,8.599e+04,9.608e+04,0,1,0.02756,0.0001314,0.1693,0.000123,0.0008718,0.05552,0.01736
tile_16,tile,16,256,256,3,20,2521187,15977,2147527,53446,12908759,5551558,1,327,1.2311306,0.0063023391,4.1814689,0.16640668,0.025137804,2.2947337,0.43580331,4.882e+04,1396,4.627e+04,1590,2.959e+05,8.68e+04,0,1,0.1299,0.000647,0.07254,0.0002343,0.0004195,0.09266,0.01758
tile_16,tile,16,512,512,3,20,7886570,32106,6832063.5,167109,41468453,15831971,1,904,0.76800159,0.0040396982,4.0383135,0.16473194,0.024494957,2.6106548,0.38304567,6.242e+04,1090,6.167e+04,2558,3.905e+05,1.64e+05,0,1,0.01795,8.841e-05,0.02715,1.189e-05,0.0001861,0.027,0.003973
tile_16,tile,16,1024,1024,3,20,29409879,146487.5,25594647,617041.5,1.5577726e+08,58455654,1,3209,0.94179144,0.0049883546,3.9655622,0.16430381,0.024135442,2.6636933,0.37541862,4.719e+04,1566,4.333e+04,3846,2.748e+05,4.734e+05,0,1,0.01021,5.403e-05,0.02198,1.319e-06,0.0001312,0.0194,0.002754
tile_16,tile,16,2048,2048,3,20,1.1450805e+08,574580,99766688,2392607,6.0762327e+08,2.2648058e+08,1,12429,0.94555863,0.0050174813,3.9449935,0.16419182,0.024026859,2.6821035,0.3728417,5.451e+04,1.067e+04,4.087e+04,1.517e+04,2.847e+05,5.133e+05,0,1,0.01839,9.7e-05,0.02248,4.977e-07,0.0001364,0.006035,0.0008393
tile_16,tile,16,4096,4096,3,20,4.5394066e+08,2283945.5,3.9559038e+08,9356504.5,2.4098381e+09,9.0573384e+08,3,49301.5,0.94831599,0.0050341748,3.8840576,0.16415576,0.023660501,2.6601193,0.375923,1.733e+05,6754,1.54e+05,5.508e+04,9.285e+05,1.147e+06,1,0.5,0.002668,1.417e-05,0.02066,2.974e-07,0.0001262,0.00347,0.000491
tile_16,tile,16,8192,8192,3,20,1.8128274e+09,9483862,1.5800524e+09,37062736,9.6262431e+09,3.6177795e+09,7.5,196773,0.98515885,0.0052312562,3.8502795,0.16414039,0.023457219,2.6608081,0.37582567,2.197e+05,2.539e+04,1.933e+05,1.851e+05,1.172e+06,6.301e+06,0.5,1,0.002744,1.457e-05,0.01862,2.3e-07,0.0001135,0.004354,0.0006146
tile_16,tile,16,16384,16384,3,20,7.2489328e+09,45521944,6.3191851e+09,1.4855341e+08,3.8499726e+10,1.439675e+10,32,786628,1.1823808,0.0062797313,3.8586279,0.16413598,0.023508701,2.6741688,0.37394797,1.494e+05,7.913e+04,1.38e+05,3.262e+05,8.334e+05,1.174e+07,1.5,1,0.00208,1.103e-05,0.008455,1.707e-07,5.154e-05,0.002182,0.0003048
tile_256,tile,256,64,64,3,20,709829.5,16041,557568,17519,3170199,2541838,1,142,4.9489289,0.021761425,5.5212437,0.17597203,0.031366269,1.2615108,0.79270033,1.277e+04,959,9971,291,5.544e+04,7.579e+04,0,1,0.3105,0.00108,0.05526,0.0001216,0.0003123,0.03651,0.02316
tile_256,tile,256,128,128,3,20,1114803,13647,927855.5,23947.5,5442637.5,2984008,1,179,2.4966665,0.012183699,4.5289277,0.17044268,0.026468201,1.7960863,0.5567676,2.166e+04,389.5,1.765e+04,1245,1.066e+05,9.584e+04,0,1,0.04844,0.000232,0.0919,7.622e-05,0.0004596,0.06859,0.02121
tile_256,tile,256,256,256,3,20,2468878,16317.5,2143785,50239.5,12862168,5451684,1,327.5,1.2436703,0.0064794617,3.9990871,0.16671062,0.02398469,2.3521878,0.42513647,9.074e+04,1238,7.893e+04,1984,4.746e+05,8.363e+04,0,0.5,0.06641,0.0003465,0.05749,6.006e-05,0.0003118,0.05335,0.009419
tile_256,tile,256,512,512,3,20,7717212.5,28100.5,6815905.5,153575.5,41238440,15285662,1,903,0.68001764,0.0036358343,3.7222008,0.16524242,0.02251365,2.6864357,0.37224084,4.639e+04,710,4.307e+04,1748,2.719e+05,2.056e+05,0,1,0.01875,0.0001002,0.01894,8.376e-06,0.0001248,0.04166,0.00578
tile_256,tile,256,1024,1024,3,20,28505026,64928.5,25304271,558986.5,1.5350256e+08,55980755,1,3210,0.42408668,0.002283647,3.6413076,0.16483075,0.022085939,2.7413029,0.36479007,2.781e+05,2340,2.626e+05,4406,1.627e+06,4.459e+05,0,1,0.02,0.0001037,0.00841,5.113e-06,4.649e-05,0.0234,0.00314
tile_256,tile,256,2048,2048,3,20,1.1136425e+08,222392.5,99016104,2170951,6.0111834e+08,2.1969754e+08,1,12430,0.3696986,0.0019950491,3.6110193,0.16471995,0.021922197,2.7355288,0.36556005,2.376e+05,3238,2.091e+05,2874,1.274e+06,1.006e+06,0,1,0.00529,2.806e-05,0.00215,5.124e-07,1.164e-05,0.01508,0.002008
tile_256,tile,256,4096,4096,3,20,4.4226342e+08,882940.5,3.933298e+08,8598191.5,2.3883856e+09,8.8120406e+08,2.5,49301,0.36939406,0.0019948797,3.5990941,0.1646835,0.02185453,2.7111666,0.36884492,2.015e+05,4446,1.769e+05,3711,1.077e+06,2.812e+06,0.5,1,0.002259,1.22e-05,0.001055,3.854e-07,6.409e-06,0.009237,0.001256
tile_256,tile,256,8192,8192,3,20,1.7669038e+09,3647319.5,1.5716561e+09,34297311,9.5443799e+09,3.5193882e+09,8,196773.5,0.3821702,0.0020643809,3.5939176,0.16466847,0.021825178,2.7113792,0.36881599,1.7e+05,1.836e+04,1.553e+05,1.073e+04,9.49e+05,1.092e+07,1.5,1,0.001951,1.053e-05,0.0007381,1.624e-07,4.424e-06,0.007721,0.001051
tile_256,tile,256,16384,16384,3,20,7.06538e+09,15899776,6.2856149e+09,1.3706803e+08,3.8172512e+10,1.4082592e+10,25.5,786630,0.4165292,0.0022504139,3.5908471,0.16466345,0.021807174,2.7105862,0.36892402,1.308e+05,8.16e+04,1.387e+05,3.718e+04,8.29e+05,2.721e+07,2.5,1,0.002128,1.149e-05,0.0007926,6.965e-08,4.817e-06,0.005248,0.000713
tile_32,tile,32,64,64,3,20,714417.5,16256,560487,17706.5,3195136.5,2552079.5,1,142,5.0922386,0.022623283,5.5413568,0.17586654,0.031522102,1.2513241,0.79918641,1.264e+04,930,9586,477,5.608e+04,7.549e+04,0,1,0.3243,0.001505,0.06027,0.000203,0.0003684,0.03308,0.02112
tile_32,tile,32,128,128,3,20,1130273,13796,936777,25338,5498066,3075833.5,1,179,2.4846115,0.012086048,4.5240552,0.17037258,0.026562513,1.7703187,0.56487004,1.624e+04,229,1.457e+04,1043,8.03e+04,1.043e+05,0,1,0.02537,0.0001299,0.19,5.524e-05,0.001096,0.03134,0.009933
tile_32,tile,32,256,256,3,20,2516842,16252.5,2168318.5,53173,13025670,5516265,1,326,1.2389021,0.0064128091,4.0986398,0.16649849,0.024620182,2.3528529,0.42501597,1.958e+04,553,1.667e+04,991.5,1.003e+05,4.134e+04,0,1,0.03985,0.0002039,0.07128,4.646e-05,0.0004245,0.03482,0.006198
tile_32,tile,32,512,512,3,20,7812859.5,38382.5,6841241,161934,41457304,15700968,1,904,0.9261333,0.0049144959,3.9195846,0.16502424,0.023730856,2.6266331,0.38071983,4.608e+04,1054,4.719e+04,1178,3.156e+05,1.177e+05,0,1,0.03088,0.0001639,0.01974,1.212e-05,9.956e-05,0.03589,0.00527
tile_32,tile,32,1024,1024,3,20,28999838,100452,25513152,592385,1.5499649e+08,58166394,1,3209.5,0.64750639,0.0034610217,3.8195709,0.16459814,0.023205732,2.6704786,0.37446802,7.197e+04,2440,6.296e+04,995,3.913e+05,7.547e+05,0,1.5,0.01672,8.937e-05,0.002169,3.139e-06,1.56e-05,0.0305,0.004319
tile_32,tile,32,2048,2048,3,20,1.129115e+08,386106,99462586,2294779,6.0468402e+08,2.2301959e+08,1,12429,0.63817561,0.0034177162,3.7956308,0.16448705,0.023075627,2.7098454,0.36902486,5.963e+04,1.026e+04,5.266e+04,1999,3.196e+05,1.28e+06,0,1,0.01612,8.636e-05,0.001522,4.033e-07,9.518e-06,0.01676,0.002269
tile_32,tile,32,4096,4096,3,20,4.4772615e+08,1520438.5,3.944962e+08,9075884.5,2.3988688e+09,8.9061804e+08,3,49301,0.63415037,0.0033976075,3.7838484,0.16445139,0.023009219,2.691716,0.37151302,1.306e+05,2954,1.159e+05,3160,6.982e+05,5.434e+06,1,0,0.001066,5.587e-06,0.000776,2.634e-07,4.564e-06,0.0155,0.00214
tile_32,tile,32,8192,8192,3,20,1.7878357e+09,6370741.5,1.5755204e+09,36200992,9.5813636e+09,3.5865954e+09,9,196773,0.6649276,0.003563489,3.7782102,0.16443555,0.022976804,2.6712299,0.37435945,1.992e+05,1.717e+04,1.198e+05,8465,7.102e+05,1.39e+07,1,1,0.001795,9.628e-06,0.0005831,2.425e-07,3.586e-06,0.01154,0.001614
tile_32,tile,32,16384,16384,3,20,7.1488197e+09,35983885,6.3008838e+09,1.4464018e+08,3.8319364e+10,1.4279808e+10,33.5,786629,0.93905324,0.0050335384,3.7746889,0.16443095,0.022956101,2.6834619,0.37265296,8.36e+04,7.024e+04,7.808e+04,3.128e+04,4.346e+05,3.78e+07,1.5,1,0.001846,9.872e-06,0.0008259,1.206e-07,5.007e-06,0.007113,0.0009851
tile_512,tile,512,64,64,3,20,713372,15977,561640,17230,3191696,2483385.5,1,142,5.1690703,0.023108239,5.4903745,0.17612119,0.031230403,1.2851698,0.77810959,3.083e+04,1414,3.356e+04,1252,1.932e+05,1.216e+05,0,2,0.2276,0.001121,0.1649,8.817e-05,0.0008476,0.02282,0.01388
tile_512,tile,512,128,128,3,20,1114473.5,13796.5,926481,23753.5,5435163,3023557.5,1,178.5,2.4799428,0.012110743,4.3363113,0.17053279,0.025444777,1.8126115,0.55170037,2.007e+04,693,1.538e+04,917.5,9.469e+04,7.231e+04,0,1,0.0598,0.0002837,0.1692,9.365e-05,0.0009678,0.06143,0.01818
tile_512,tile,512,256,256,3,20,2500873.5,15866.5,2170707.5,51310,13025350,5493385.5,1,326.5,1.2194572,0.0063531862,3.9583442,0.16668473,0.023749225,2.3699486,0.42196478,2.925e+04,666,2.58e+04,670.5,1.661e+05,6.208e+04,0,1.5,0.07611,0.0003995,0.03779,5.537e-05,0.0002012,0.04667,0.008163
tile_512,tile,512,512,512,3,20,7723728.5,31145.5,6827596,152792.5,41318034,15551602,1,904,0.75066485,0.0040153776,3.7176472,0.1652619,0.022482401,2.649669,0.37740583,2.428e+04,1264,2.148e+04,1064,1.249e+05,1.389e+05,0,1,0.03104,0.0001661,0.01553,1.022e-05,9.458e-05,0.03045,0.004286
tile_512,tile,512,1024,1024,3,20,28672219,68112,25474116,560943,1.5453537e+08,56148496,1,3209,0.44046107,0.0023740384,3.6315403,0.16484381,0.022030558,2.7534201,0.36318606,5.516e+04,2024,4.809e+04,934.5,2.923e+05,7.046e+05,0,0,0.01389,7.489e-05,0.00592,2.885e-06,3.599e-05,0.02927,0.003822
tile_512,tile,512,2048,2048,3,20,1.1148584e+08,224530,99188908,2166714.5,6.0211368e+08,2.2065846e+08,1,12429.5,0.37369484,0.0020181084,3.6009419,0.16473565,0.02185762,2.7249784,0.36697577,8.321e+04,4092,7.185e+04,2278,4.417e+05,1.109e+06,0,1.5,0.00637,3.443e-05,0.0007479,8.224e-07,5.238e-06,0.01377,0.001856
tile_512,tile,512,4096,4096,3,20,4.4219042e+08,883786.5,3.9352067e+08,8568881,2.38933e+09,8.876072e+08,2,49301,0.36983972,0.0019983601,3.587154,0.16469914,0.021779935,2.6911905,0.37158291,5.794e+04,8438,4.843e+04,3220,2.946e+05,3.358e+06,1,1,0.003535,1.911e-05,0.001352,3.656e-07,8.09e-06,0.01135,0.001566
tile_512,tile,512,8192,8192,3,20,1.7654021e+09,3631880.5,1.5713252e+09,34176654,9.5414603e+09,3.5519541e+09,7,196772.5,0.3806515,0.0020573165,3.5818625,0.16468403,0.021749888,2.6862935,0.37226014,2.065e+05,2.696e+04,1.783e+05,1.153e+04,1.084e+06,1.241e+07,1,1.5,0.002812,1.52e-05,0.001287,1.014e-07,7.808e-06,0.009538,0.001321
tile_512,tile,512,16384,16384,3,20,7.0594589e+09,16028782,6.2844437e+09,1.3653356e+08,3.8161778e+10,1.4118502e+10,26,786630,0.42003655,0.0022706166,3.5778295,0.16467928,0.021726055,2.7026453,0.37000787,1.832e+05,1.847e+05,1.598e+05,1.582e+04,9.42e+05,2.752e+07,2,1,0.004832,2.613e-05,0.0003359,1.648e-07,2.083e-06,0.005277,0.0007224
tile_64,tile,64,64,64,3,20,710226,16170.5,556590,17242,3164055,2481747.5,1,142,5.1119261,0.022784695,5.5518669,0.17599028,0.031551796,1.2749407,0.78435373,1.38e+04,1139,1.345e+04,596,7.505e+04,6.79e+04,0,1,0.3146,0.001495,0.07886,0.0002119,0.0004709,0.05728,0.0357
tile_64,tile,64,128,128,3,20,1126349.5,14147.5,936339,24521,5493268,3092978.5,1,178,2.5318462,0.012340212,4.4486317,0.17040481,0.026120807,1.7764906,0.56291641,2.268e+04,434,1.822e+04,847,1.095e+05,1.231e+05,0,1,0.03526,0.0001621,0.09309,0.0001032,0.0004935,0.05843,0.01792
tile_64,tile,64,256,256,3,20,2510637,16116,2172261.5,52657.5,13043329,5571910.5,1,326,1.2340839,0.0064116373,4.0245893,0.16658269,0.024162379,2.3454265,0.42636283,2.113e+04,438.5,1.86e+04,810.5,1.122e+05,7.111e+04,0,1,0.04108,0.0002135,0.04109,2.636e-05,0.0002612,0.03497,0.006395
tile_64,tile,64,512,512,3,20,7652439,32220.5,6735479,153839.5,40785650,15361810,1,903,0.77925617,0.004153187,3.8039321,0.16515101,0.023035495,2.6787313,0.37331677,1.411e+05,1512,1.243e+05,1664,7.537e+05,2.161e+05,0,1,0.03191,0.0001698,0.03711,1.193e-05,0.0002035,0.05345,0.007451
tile_64,tile,64,1024,1024,3,20,28819588,79786,25489350,575420.5,1.5473062e+08,56512251,1,3209,0.51501082,0.0027650919,3.7192725,0.16473381,0.022575496,2.7347699,0.36566168,8.081e+04,1794,7.192e+04,2062,4.382e+05,4.195e+05,0,1,0.01273,6.833e-05,0.003855,4.256e-06,2.101e-05,0.0172,0.002285
tile_64,tile,64,2048,2048,3,20,1.1199678e+08,287553,99187408,2222267,6.0251343e+08,2.1991804e+08,1,12429,0.47666859,0.0025643029,3.6886775,0.16462283,0.022406815,2.7412394,0.36479877,1.692e+05,6622,1.497e+05,2854,9.105e+05,1.743e+06,0,1,0.0117,6.241e-05,0.001738,4.383e-07,1.053e-05,0.0143,0.001902
tile_64,tile,64,4096,4096,3,20,4.4470654e+08,1135421.5,3.9394098e+08,8801418,2.3935069e+09,8.8000436e+08,3,49302,0.47452471,0.0025540033,3.6777639,0.1645872,0.022345371,2.7202396,0.36761468,8.621e+04,5442,7.818e+04,2332,4.786e+05,5.016e+06,0.5,1,0.002113,1.138e-05,0.0006613,3.908e-07,3.982e-06,0.01415,0.001903
tile_64,tile,64,8192,8192,3,20,1.7758016e+09,4751504,1.5733284e+09,35101958,9.5601411e+09,3.5525808e+09,8,196774,0.49699471,0.0026756039,3.6711937,0.16457161,0.022307585,2.6907843,0.37163889,8.477e+04,3.92e+04,7.633e+04,1.041e+04,4.629e+05,1.188e+07,1,1,0.004238,2.281e-05,0.0007293,1.634e-07,4.475e-06,0.009589,0.001325
tile_64,tile,64,16384,16384,3,20,7.1003897e+09,24285484,6.2918653e+09,1.4024488e+08,3.8232878e+10,1.413837e+10,30.5,786629.5,0.63523346,0.003420461,3.6681467,0.16456694,0.022289689,2.7039229,0.36983302,4.431e+05,8.998e+04,3.503e+05,3.338e+04,2.092e+06,2.379e+07,1.5,1.5,0.002404,1.293e-05,0.0007062,9.39e-08,4.321e-06,0.004562,0.0006251
tile_8,tile,8,64,64,3,20,725276.5,16204.5,565149.5,18163.5,3218941,2532818.5,1,143,5.0508423,0.022383874,5.6675307,0.17566818,0.032259588,1.25934,0.7941056,1.487e+04,886,1.185e+04,516,6.386e+04,1.226e+05,0,1,0.3205,0.001364,0.07745,0.0001902,0.000451,0.04008,0.02606
tile_8,tile,8,128,128,3,20,1148602.5,13429,932506,26201.5,5497910.5,3080326.5,1,178,2.4609165,0.011758693,4.8720804,0.16969778,0.0287086,1.7197022,0.58149842,1.818e+04,452.5,1.445e+04,1136,8.564e+04,6.972e+04,0,1,0.07231,0.0003254,0.1864,0.0001231,0.001113,0.06438,0.02237
tile_8,tile,8,256,256,3,20,2606151,14964.5,2180884,59935,13170301,5830177.5,1,326.5,1.1350482,0.0057295458,4.5377934,0.16556962,0.027407718,2.2478927,0.44486114,1.803e+04,419,1.522e+04,1128,9.074e+04,1.055e+05,0,0.5,0.02597,0.0001373,0.06503,1.45e-05,0.0003562,0.02439,0.004834
tile_8,tile,8,512,512,3,20,8108167,32569.5,6871698.5,181995.5,41885572,16506406,1,903,0.76855293,0.0039697021,4.4341427,0.16407366,0.027027148,2.5104062,0.39834295,1.101e+05,1736,9.18e+04,3894,5.486e+05,1.667e+05,0,1,0.04312,0.0002117,0.03738,2.38e-05,0.0002061,0.02668,0.004191
tile_8,tile,8,1024,1024,3,20,30249780,83106,25728982,682632,1.5724407e+08,61265260,1,3209.5,0.5285397,0.0027475401,4.3697691,0.16362781,0.02670501,2.5684657,0.38933764,4.121e+04,1428,3.552e+04,1.038e+04,2.161e+05,2.115e+05,0,0.5,0.008455,4.384e-05,0.06289,2.108e-06,0.0003848,0.004661,0.0007077
tile_8,tile,8,2048,2048,3,20,1.1782257e+08,296910.5,1.0031436e+08,2660053.5,6.1350162e+08,2.3693275e+08,1.5,12429,0.48404083,0.0025203234,4.350251,0.16351227,0.026603526,2.583246,0.38710986,9.857e+04,3981,8.383e+04,2.981e+04,5.154e+05,6.149e+05,0.5,1,0.007196,3.752e-05,0.04197,5.209e-07,0.0002567,0.004153,0.0006234
tile_8,tile,8,4096,4096,3,20,4.6744971e+08,1146176.5,3.9806507e+08,10445384,2.4350085e+09,9.4607768e+08,2,49301.5,0.4710979,0.0024537388,4.2903674,0.16347592,0.026244617,2.5732254,0.38861734,1.228e+05,9600,1.043e+05,1.099e+05,6.348e+05,2.317e+06,0.5,1.5,0.004067,2.104e-05,0.04433,3.505e-07,0.0002712,0.005984,0.0009058
tile_8,tile,8,8192,8192,3,20,1.8669593e+09,4837658.5,1.5900949e+09,41122792,9.7276583e+09,3.766444e+09,8,196772,0.49735151,0.0025913951,4.2274215,0.16346126,0.025861927,2.5827761,0.3871803,7.891e+04,2.769e+04,8.846e+04,1.127e+05,5.21e+05,2.869e+06,1,1,0.002886,1.497e-05,0.01173,1.86e-07,7.456e-05,0.002225,0.0003337
tile_8,tile,8,16384,16384,3,20,7.4652292e+09,22310574,6.3592024e+09,1.6469181e+08,3.8904493e+10,1.5005266e+10,26,786629,0.57346909,0.0029885891,4.2333151,0.16345678,0.025898634,2.5927388,0.38569254,9.073e+04,7.407e+04,7.399e+04,8.97e+05,4.155e+05,1.362e+07,2,0.5,0.00189,9.848e-06,0.02324,1.119e-07,0.0001422,0.002328,0.0003463
unroll_v4,unroll,conv_unroll_v4,64,64,3,20,704584.5,15421.5,489376,17413.5,2968855.5,2472724,1,142,5.4701722,0.022902495,5.9808972,0.16510053,0.036265397,1.1942505,0.83734611,1.138e+04,744,7754,664.5,4.988e+04,7.784e+04,0,1,0.3971,0.001645,0.143,0.0001803,0.0004699,0.03067,0.02165
unroll_v4,unroll,conv_unroll_v4,128,128,3,20,1078442.5,14500,668348.5,23838.5,4634857.5,2906290.5,1,179,3.0692441,0.013183376,5.3789915,0.14453012,0.036256163,1.5743924,0.63516881,3.529e+04,697.5,1.713e+04,1362,1.506e+05,8.21e+04,0,1,0.09319,0.0003918,0.1484,0.0003448,0.0008046,0.06255,0.02527
unroll_v4,unroll,conv_unroll_v4,256,256,3,20,2314727,17267,1285079,51612.5,10108899,4991463.5,1,326,1.696868,0.0074078061,5.1141937,0.12732428,0.039730473,1.9974341,0.50064406,2.164e+04,1114,1.12e+04,1688,9.113e+04,6.778e+04,0,1,0.1443,0.0006276,0.09367,0.0002133,0.0008496,0.03564,0.008853
unroll_v4,unroll,conv_unroll_v4,512,512,3,20,6985114,36779.5,3684172.5,152837,30725120,13501418,1,903,1.1932883,0.0052491254,4.9952644,0.11992342,0.041599075,2.2670948,0.4410944,6.198e+04,943,3.17e+04,1624,2.718e+05,1.159e+05,0,1,0.03734,0.0001647,0.02636,2.587e-05,0.000132,0.02629,0.005108
unroll_v4,unroll,conv_unroll_v4,1024,1024,3,20,25596607,128894.5,13292944,556190.5,1.1282478e+08,49524420,1,3209,1.1362342,0.0050072688,4.9330896,0.11773035,0.041883665,2.2841708,0.43779996,1.32e+05,1660,5.914e+04,3564,5.924e+05,5.95e+05,0,1,0.01322,5.675e-05,0.004743,1.398e-05,4.855e-05,0.01586,0.003023
unroll_v4,unroll,conv_unroll_v4,2048,2048,3,20,99888244,584614,51608794,2163125.5,4.4059485e+08,1.9227316e+08,1,12429,1.328584,0.0058597323,4.9102422,0.11713541,0.041918809,2.2911324,0.43646539,1.284e+05,5018,6.661e+04,3760,5.651e+05,3.286e+05,0,1,0.01174,5.172e-05,0.001778,3.538e-06,1.429e-05,0.002635,0.0005025
unroll_v4,unroll,conv_unroll_v4,4096,4096,3,20,3.9566495e+08,2233837.5,2.0426622e+08,8551765.5,1.7457207e+09,7.6110102e+08,2,49301,1.2792673,0.005644272,4.9001377,0.11701126,0.041874699,2.2921773,0.43626644,1.372e+05,2.316e+04,7.23e+04,4567,6.016e+05,6.29e+05,1,1,0.01378,6.078e-05,0.00223,2.176e-06,1.659e-05,0.002527,0.0004815
unroll_v4,unroll,conv_unroll_v4,8192,8192,3,20,1.5791387e+09,5917133.5,8.1554258e+08,34108516,6.9698895e+09,2.9852424e+09,5.5,196773,0.8489395,0.0037469699,4.8933304,0.11700817,0.04181949,2.3347792,0.42830604,1.463e+05,7.145e+04,9.417e+04,1.723e+04,6.425e+05,3.649e+06,1.5,1,0.0102,4.501e-05,0.002698,1.085e-06,2.344e-05,0.002978,0.0005464
unroll_v4,unroll,conv_unroll_v4,16384,16384,3,20,6.3148748e+09,26117540,3.2626399e+09,1.3631243e+08,2.7880478e+10,1.187962e+10,20.5,786629,0.93680976,0.0041360769,4.889044,0.11702296,0.041778308,2.3466989,0.42613051,1.181e+05,1.754e+05,8.962e+04,6.874e+04,6.141e+05,6.96e+06,2.5,1.5,0.006297,2.748e-05,0.002506,7.582e-07,2.132e-05,0.001324,0.0002404
unroll_v5,unroll,conv_unroll_v5,64,64,3,20,671775.5,16346,484486.5,17703.5,2856937.5,2495657,1,142,5.5611586,0.023648369,6.2592005,0.16981144,0.03687904,1.1484057,0.87077242,1.308e+04,972.5,8769,280,5.614e+04,1.039e+05,0,1.5,0.4074,0.001736,0.05215,0.0001179,0.0002798,0.03566,0.02712
unroll_v5,unroll,conv_unroll_v5,128,128,3,20,951003.5,13600,645287,24855,4190385.5,2869540.5,1,179,3.2226282,0.01420029,5.9227653,0.15397026,0.038457552,1.4528365,0.68830933,1.777e+04,161,1.044e+04,1012,7.728e+04,4.719e+04,0,1,0.04901,0.0002157,0.2061,9.07e-05,0.001416,0.03467,0.01626
unroll_v5,unroll,conv_unroll_v5,256,256,3,20,1915045.5,15205,1216504.5,51553,8740199,4829816,1,326,1.7654951,0.0080562786,5.946531,0.13920042,0.042587021,1.7825421,0.56099868,4.501e+04,951.5,2.768e+04,1890,2.058e+05,1.234e+05,0,1,0.127,0.000569,0.1108,0.0001058,0.0009156,0.03807,0.01193
unroll_v5,unroll,conv_unroll_v5,512,512,3,20,5583141.5,27630,3430088.5,155267.5,25913507,12816510,1,903,1.0619748,0.0049269441,5.9878414,0.13237188,0.045159384,2.009123,0.49772969,4.125e+04,1166,2.255e+04,1630,1.913e+05,1.079e+05,0,1,0.05233,0.0002408,0.01393,9.297e-05,0.0001194,0.02715,0.006636
unroll_v5,unroll,conv_unroll_v5,1024,1024,3,20,20208359,59544.5,12280971,558724,94302061,46087217,1,3209.5,0.63086236,0.0029440042,5.9249072,0.13022611,0.045483157,2.0432949,0.48940574,3.528e+04,2779,2.107e+04,777.5,1.648e+05,4.067e+05,0,1,0.02959,0.000138,0.005237,5.01e-06,3.924e-05,0.02298,0.005477
unroll_v5,unroll,conv_unroll_v5,2048,2048,3,20,78141816,241047,47354210,2162675.5,3.6521686e+08,1.7738756e+08,1,12429,0.6594284,0.0030820486,5.9208956,0.12965786,0.045651531,2.0543892,0.48676268,1.421e+05,3750,8.476e+04,4592,6.668e+05,5.835e+05,0,1,0.009264,4.263e-05,0.001961,3.453e-06,2.8e-05,0.005111,0.001214
unroll_v5,unroll,conv_unroll_v5,4096,4096,3,20,3.0950715e+08,988074.5,1.8747426e+08,8550511.5,1.4473438e+09,7.084685e+08,2,49302,0.68333743,0.0031952441,5.908564,0.12953094,0.04561532,2.0427464,0.48953703,1.211e+05,1.584e+04,7.915e+04,4322,5.877e+05,4.22e+05,1,1,0.01071,5.008e-05,0.003025,1.385e-06,1.998e-05,0.001151,0.0002758
unroll_v5,unroll,conv_unroll_v5,8192,8192,3,20,1.2352401e+09,4400004,7.4848375e+08,34100849,5.7788908e+09,2.8263886e+09,6,196773.5,0.76154225,0.0035628196,5.9014306,0.12952152,0.045563585,2.0444608,0.48912654,4.956e+04,3.106e+04,4.733e+04,1.516e+04,2.956e+05,3.698e+06,1,0.5,0.005531,2.588e-05,0.002607,6.532e-07,2.039e-05,0.002408,0.0005767
unroll_v5,unroll,conv_unroll_v5,16384,16384,3,20,4.9387137e+09,32247450,2.99402e+09,1.3629794e+08,2.311397e+10,1.1289226e+10,20.5,786630,1.3952242,0.0065298598,5.8967142,0.12953302,0.045522409,2.0473444,0.4884376,1.25e+05,1.585e+05,8.26e+04,3.303e+04,5.999e+05,4.078e+06,2.5,0.5,0.006811,3.189e-05,0.001404,5.443e-07,1.062e-05,0.0006974,0.0001663
